{"valueType":"relations","values":[[{"_typeName":"Website","id":"cjm69kd1g00240872187gyn3k","fieldName":"pageTypes"},{"_typeName":"PageType","id":"cjm69l39m002g0872i6ekdc7o","fieldName":"website"}],[{"_typeName":"Website","id":"cjm69kd1g00240872187gyn3k","fieldName":"pageTypes"},{"_typeName":"PageType","id":"cjm94sr7v00en0861xg5lbyln","fieldName":"website"}],[{"_typeName":"Website","id":"cjm69kd1g00240872187gyn3k","fieldName":"pageTypes"},{"_typeName":"PageType","id":"cjm952e3t00f208616m5e3gkn","fieldName":"website"}],[{"_typeName":"Website","id":"cjm69kd1g00240872187gyn3k","fieldName":"pageTypes"},{"_typeName":"PageType","id":"cjm955rhy00fm0861mmfy6e56","fieldName":"website"}],[{"_typeName":"Website","id":"cjm69kd1g00240872187gyn3k","fieldName":"pageTypes"},{"_typeName":"PageType","id":"cjm95cg5q00g90861ewh25mjw","fieldName":"website"}],[{"_typeName":"Website","id":"cjm69kd1g00240872187gyn3k","fieldName":"pageTypes"},{"_typeName":"PageType","id":"cjm95ev8i00gn086167i494cy","fieldName":"website"}],[{"_typeName":"Website","id":"cjm69kd1g00240872187gyn3k","fieldName":"pageTypes"},{"_typeName":"PageType","id":"cjm95fuk700gu08610leii6an","fieldName":"website"}],[{"_typeName":"Website","id":"cjm69kd1g00240872187gyn3k","fieldName":"pageTypes"},{"_typeName":"PageType","id":"cjm95gycz00h10861gxtdz8ah","fieldName":"website"}],[{"_typeName":"Website","id":"cjm69kd1g00240872187gyn3k","fieldName":"pageTypes"},{"_typeName":"PageType","id":"cjm95iw8o00h808614322ybcq","fieldName":"website"}],[{"_typeName":"Website","id":"cjm69kd1g00240872187gyn3k","fieldName":"pageTypes"},{"_typeName":"PageType","id":"cjm95mrk400hf0861l0uchfc9","fieldName":"website"}],[{"_typeName":"Website","id":"cjm69kd1g00240872187gyn3k","fieldName":"pageTypes"},{"_typeName":"PageType","id":"cjm95ugov00hm0861o7hgwjp1","fieldName":"website"}],[{"_typeName":"Website","id":"cjm69kd1g00240872187gyn3k","fieldName":"pageTypes"},{"_typeName":"PageType","id":"cjm95wk5s00hx0861dzkvprd4","fieldName":"website"}],[{"_typeName":"Website","id":"cjm69n4xx00400872fa5dhvnn","fieldName":"pageTypes"},{"_typeName":"PageType","id":"cjmrkv5t802pf0861h605yt9o","fieldName":"website"}],[{"_typeName":"Website","id":"cjm69n4xx00400872fa5dhvnn","fieldName":"pageTypes"},{"_typeName":"PageType","id":"cjmrkvslw02pk08613lbncc7m","fieldName":"website"}],[{"_typeName":"Page","id":"cjm988oxn00jw0861rwa83541"},{"_typeName":"Page","id":"cjmj08fz301nw0861gpu0dszr","fieldName":"parent"}],[{"_typeName":"Page","id":"cjmj08fz301nw0861gpu0dszr"},{"_typeName":"Page","id":"cjmj0va3e01pw0861a1grimei","fieldName":"parent"}],[{"_typeName":"Page","id":"cjm988oxn00jw0861rwa83541"},{"_typeName":"Page","id":"cjmj1id5m01v00861eaaweqoo","fieldName":"parent"}],[{"_typeName":"Page","id":"cjm988oxn00jw0861rwa83541"},{"_typeName":"Page","id":"cjmj27v5a01xy0861c6tux3lx","fieldName":"parent"}],[{"_typeName":"Page","id":"cjm988oxn00jw0861rwa83541"},{"_typeName":"Page","id":"cjmj2w202020r0861bxj4ffe0","fieldName":"parent"}],[{"_typeName":"Page","id":"cjm988oxn00jw0861rwa83541"},{"_typeName":"Page","id":"cjmj3dwi9021u08618wpvsapk","fieldName":"parent"}],[{"_typeName":"Page","id":"cjm988oxn00jw0861rwa83541"},{"_typeName":"Page","id":"cjmj415bl024q0861axjazr5p","fieldName":"parent"}],[{"_typeName":"Page","id":"cjmrkw2mi02px08617deh3e3y"},{"_typeName":"Page","id":"cjmrkwgs602rq0861f8fiixln","fieldName":"parent"}],[{"_typeName":"Page","id":"cjmrkw2mi02px08617deh3e3y"},{"_typeName":"Page","id":"cjmrkwsdj02su0861j9jgqdyg","fieldName":"parent"}],[{"_typeName":"Page","id":"cjmj08fz301nw0861gpu0dszr"},{"_typeName":"Page","id":"cjn07naeh04jo0861jpa6mlfl","fieldName":"parent"}],[{"_typeName":"Page","id":"cjmj08fz301nw0861gpu0dszr"},{"_typeName":"Page","id":"cjn1gnc7004zl0861myogmshn","fieldName":"parent"}],[{"_typeName":"Page","id":"cjmj08fz301nw0861gpu0dszr"},{"_typeName":"Page","id":"cjn1gnm2v050d0861hwaag6gs","fieldName":"parent"}],[{"_typeName":"Page","id":"cjmj08fz301nw0861gpu0dszr"},{"_typeName":"Page","id":"cjn1o5cqo05o80861wudm4gfc","fieldName":"parent"}],[{"_typeName":"Page","id":"cjmj08fz301nw0861gpu0dszr"},{"_typeName":"Page","id":"cjn1p3xuj05t60861q0leky43","fieldName":"parent"}],[{"_typeName":"Page","id":"cjmj08fz301nw0861gpu0dszr"},{"_typeName":"Page","id":"cjn1p48af05ty0861yy7hg48w","fieldName":"parent"}],[{"_typeName":"Page","id":"cjmj0va3e01pw0861a1grimei"},{"_typeName":"Page","id":"cjn1s6muo063g0861e5x75khv","fieldName":"parent"}],[{"_typeName":"Page","id":"cjmj08fz301nw0861gpu0dszr"},{"_typeName":"Page","id":"cjn1s7go1064808610r01ubf2","fieldName":"parent"}],[{"_typeName":"Project","id":"cjm69k17m001v0872m0nd1mwo","fieldName":"languages"},{"_typeName":"Language","id":"cjm69cp76000j0872035kgkd8"}],[{"_typeName":"Project","id":"cjm69mmbx003p0872wdl515mc","fieldName":"languages"},{"_typeName":"Language","id":"cjm69cp76000j0872035kgkd8"}],[{"_typeName":"Project","id":"cjm69mmbx003p0872wdl515mc","fieldName":"languages"},{"_typeName":"Language","id":"cjm69cpmg000m08728qa5oy02"}],[{"_typeName":"Project","id":"cjm69k17m001v0872m0nd1mwo","fieldName":"languages"},{"_typeName":"Language","id":"cjm69cpmg000m08728qa5oy02"}],[{"_typeName":"Project","id":"cjm69mmbx003p0872wdl515mc","fieldName":"languages"},{"_typeName":"Language","id":"cjm69cpn3000p08721ehslkyd"}],[{"_typeName":"Project","id":"cjm69mmbx003p0872wdl515mc","fieldName":"languages"},{"_typeName":"Language","id":"cjm69cpne000s087276xq0yjq"}],[{"_typeName":"Project","id":"cjm69k17m001v0872m0nd1mwo","fieldName":"languages"},{"_typeName":"Language","id":"cjm69cpp3001a0872u6zl6tx2"}],[{"_typeName":"Project","id":"cjm69mmbx003p0872wdl515mc","fieldName":"languages"},{"_typeName":"Language","id":"cjm69cpp3001a0872u6zl6tx2"}],[{"_typeName":"Project","id":"cjm69mmbx003p0872wdl515mc","fieldName":"defaultLanguage"},{"_typeName":"Language","id":"cjm69cp76000j0872035kgkd8"}],[{"_typeName":"Project","id":"cjm69k17m001v0872m0nd1mwo","fieldName":"defaultLanguage"},{"_typeName":"Language","id":"cjm69cpmg000m08728qa5oy02"}],[{"_typeName":"PageTranslation","id":"cjmrkwgsn02rx0861fc57uh6p","fieldName":"language"},{"_typeName":"Language","id":"cjm69cp76000j0872035kgkd8"}],[{"_typeName":"PageTranslation","id":"cjmj0va3p01q3086113ec96x3","fieldName":"language"},{"_typeName":"Language","id":"cjm69cp76000j0872035kgkd8"}],[{"_typeName":"PageTranslation","id":"cjn1gnc9d04zs0861aw2728sv","fieldName":"language"},{"_typeName":"Language","id":"cjm69cp76000j0872035kgkd8"}],[{"_typeName":"PageTranslation","id":"cjmj415bv024x0861dnewys6e","fieldName":"language"},{"_typeName":"Language","id":"cjm69cp76000j0872035kgkd8"}],[{"_typeName":"PageTranslation","id":"cjn1o5csd05of0861mb5p8kdh","fieldName":"language"},{"_typeName":"Language","id":"cjm69cp76000j0872035kgkd8"}],[{"_typeName":"PageTranslation","id":"cjn1gnm49050k0861qdanvtq2","fieldName":"language"},{"_typeName":"Language","id":"cjm69cp76000j0872035kgkd8"}],[{"_typeName":"PageTranslation","id":"cjmj2w20d020y0861xhn0rmu4","fieldName":"language"},{"_typeName":"Language","id":"cjm69cp76000j0872035kgkd8"}],[{"_typeName":"PageTranslation","id":"cjmj08fze01o308617azrcoht","fieldName":"language"},{"_typeName":"Language","id":"cjm69cp76000j0872035kgkd8"}],[{"_typeName":"PageTranslation","id":"cjmj27v5q01y50861muej2yev","fieldName":"language"},{"_typeName":"Language","id":"cjm69cp76000j0872035kgkd8"}],[{"_typeName":"PageTranslation","id":"cjmj1id6101v70861m9xdo8nn","fieldName":"language"},{"_typeName":"Language","id":"cjm69cp76000j0872035kgkd8"}],[{"_typeName":"PageTranslation","id":"cjmrkwsdt02t10861ltlbxd53","fieldName":"language"},{"_typeName":"Language","id":"cjm69cp76000j0872035kgkd8"}],[{"_typeName":"PageTranslation","id":"cjmj3dwij02210861cf5vsbn9","fieldName":"language"},{"_typeName":"Language","id":"cjm69cp76000j0872035kgkd8"}],[{"_typeName":"PageTranslation","id":"cjm988oy500k20861yjau7cro","fieldName":"language"},{"_typeName":"Language","id":"cjm69cp76000j0872035kgkd8"}],[{"_typeName":"PageTranslation","id":"cjmrkw2mt02q3086113e3czbb","fieldName":"language"},{"_typeName":"Language","id":"cjm69cp76000j0872035kgkd8"}],[{"_typeName":"PageTranslation","id":"cjn1s7gpl064f0861dfswey2y","fieldName":"language"},{"_typeName":"Language","id":"cjm69cp76000j0872035kgkd8"}],[{"_typeName":"PageTranslation","id":"cjn1s6mw0063n08618y3h2sgx","fieldName":"language"},{"_typeName":"Language","id":"cjm69cp76000j0872035kgkd8"}],[{"_typeName":"PageTranslation","id":"cjn1p48bx05u50861wj0cdgke","fieldName":"language"},{"_typeName":"Language","id":"cjm69cp76000j0872035kgkd8"}],[{"_typeName":"PageTranslation","id":"cjn1p3xw105td0861zqfpckq4","fieldName":"language"},{"_typeName":"Language","id":"cjm69cp76000j0872035kgkd8"}],[{"_typeName":"PageTranslation","id":"cjn07naf004jv08617seslhp0","fieldName":"language"},{"_typeName":"Language","id":"cjm69cp76000j0872035kgkd8"}],[{"_typeName":"PageTranslation","id":"cjmj2w20q02140861soom563v","fieldName":"language"},{"_typeName":"Language","id":"cjm69cpmg000m08728qa5oy02"}],[{"_typeName":"PageTranslation","id":"cjmrkw2n602q90861z9hqm589","fieldName":"language"},{"_typeName":"Language","id":"cjm69cpmg000m08728qa5oy02"}],[{"_typeName":"PageTranslation","id":"cjmrkwgsw02s3086198r9b0ta","fieldName":"language"},{"_typeName":"Language","id":"cjm69cpmg000m08728qa5oy02"}],[{"_typeName":"PageTranslation","id":"cjmrkwse102t70861v9drsvcl","fieldName":"language"},{"_typeName":"Language","id":"cjm69cpmg000m08728qa5oy02"}],[{"_typeName":"PageTranslation","id":"cjm988oyo00k80861bz1w1gsd","fieldName":"language"},{"_typeName":"Language","id":"cjm69cpmg000m08728qa5oy02"}],[{"_typeName":"PageTranslation","id":"cjn07naf804k10861iz5lrutx","fieldName":"language"},{"_typeName":"Language","id":"cjm69cpmg000m08728qa5oy02"}],[{"_typeName":"PageTranslation","id":"cjn1gncbd04zy0861wdxemd27","fieldName":"language"},{"_typeName":"Language","id":"cjm69cpmg000m08728qa5oy02"}],[{"_typeName":"PageTranslation","id":"cjn1gnm5g050q0861u8g61v7h","fieldName":"language"},{"_typeName":"Language","id":"cjm69cpmg000m08728qa5oy02"}],[{"_typeName":"PageTranslation","id":"cjmj08fzs01o908611pwtyl6s","fieldName":"language"},{"_typeName":"Language","id":"cjm69cpmg000m08728qa5oy02"}],[{"_typeName":"PageTranslation","id":"cjn1o5cu205ol08618fw1ugp1","fieldName":"language"},{"_typeName":"Language","id":"cjm69cpmg000m08728qa5oy02"}],[{"_typeName":"PageTranslation","id":"cjmj0va3z01q90861i1pzviip","fieldName":"language"},{"_typeName":"Language","id":"cjm69cpmg000m08728qa5oy02"}],[{"_typeName":"PageTranslation","id":"cjn1p3xxr05tj08619eom1eux","fieldName":"language"},{"_typeName":"Language","id":"cjm69cpmg000m08728qa5oy02"}],[{"_typeName":"PageTranslation","id":"cjn1p48de05ub086193p0fsue","fieldName":"language"},{"_typeName":"Language","id":"cjm69cpmg000m08728qa5oy02"}],[{"_typeName":"PageTranslation","id":"cjn1s6mxm063t0861uqsqrc49","fieldName":"language"},{"_typeName":"Language","id":"cjm69cpmg000m08728qa5oy02"}],[{"_typeName":"PageTranslation","id":"cjn1s7gqx064l0861pnmdqckv","fieldName":"language"},{"_typeName":"Language","id":"cjm69cpmg000m08728qa5oy02"}],[{"_typeName":"PageTranslation","id":"cjmj1id6901vd0861z9ysh1xg","fieldName":"language"},{"_typeName":"Language","id":"cjm69cpmg000m08728qa5oy02"}],[{"_typeName":"PageTranslation","id":"cjmj27v6801yb08617jopd9bg","fieldName":"language"},{"_typeName":"Language","id":"cjm69cpmg000m08728qa5oy02"}],[{"_typeName":"PageTranslation","id":"cjmj3dwis02270861b0239f5t","fieldName":"language"},{"_typeName":"Language","id":"cjm69cpmg000m08728qa5oy02"}],[{"_typeName":"PageTranslation","id":"cjmj415c402530861zauitzuw","fieldName":"language"},{"_typeName":"Language","id":"cjm69cpmg000m08728qa5oy02"}],[{"_typeName":"PageTranslation","id":"cjmrkwse902td0861r8q185uo","fieldName":"language"},{"_typeName":"Language","id":"cjm69cpn3000p08721ehslkyd"}],[{"_typeName":"PageTranslation","id":"cjmrkw2ni02qf0861mvtqtcsr","fieldName":"language"},{"_typeName":"Language","id":"cjm69cpn3000p08721ehslkyd"}],[{"_typeName":"PageTranslation","id":"cjmrkwgt602s90861b5ejg1e4","fieldName":"language"},{"_typeName":"Language","id":"cjm69cpn3000p08721ehslkyd"}],[{"_typeName":"PageTranslation","id":"cjmrkw2ns02ql08618qm33cmu","fieldName":"language"},{"_typeName":"Language","id":"cjm69cpne000s087276xq0yjq"}],[{"_typeName":"PageTranslation","id":"cjmrkwsen02tj0861ashd6nr5","fieldName":"language"},{"_typeName":"Language","id":"cjm69cpne000s087276xq0yjq"}],[{"_typeName":"PageTranslation","id":"cjmrkwgtg02sf08613f90kef8","fieldName":"language"},{"_typeName":"Language","id":"cjm69cpne000s087276xq0yjq"}],[{"_typeName":"PageTranslation","id":"cjn1s7gs9064r08611nyxcv36","fieldName":"language"},{"_typeName":"Language","id":"cjm69cpp3001a0872u6zl6tx2"}],[{"_typeName":"PageTranslation","id":"cjmrkwgtq02sl0861du6pzx5v","fieldName":"language"},{"_typeName":"Language","id":"cjm69cpp3001a0872u6zl6tx2"}],[{"_typeName":"PageTranslation","id":"cjmj3dwj1022d0861wqpeiqgg","fieldName":"language"},{"_typeName":"Language","id":"cjm69cpp3001a0872u6zl6tx2"}],[{"_typeName":"PageTranslation","id":"cjmj1id6h01vj08618uk2lbp2","fieldName":"language"},{"_typeName":"Language","id":"cjm69cpp3001a0872u6zl6tx2"}],[{"_typeName":"PageTranslation","id":"cjn1gnm6r050w0861lyk5dgfw","fieldName":"language"},{"_typeName":"Language","id":"cjm69cpp3001a0872u6zl6tx2"}],[{"_typeName":"PageTranslation","id":"cjmj08g0201of0861qv1632lk","fieldName":"language"},{"_typeName":"Language","id":"cjm69cpp3001a0872u6zl6tx2"}],[{"_typeName":"PageTranslation","id":"cjn1gncd605040861l753yvpt","fieldName":"language"},{"_typeName":"Language","id":"cjm69cpp3001a0872u6zl6tx2"}],[{"_typeName":"PageTranslation","id":"cjmj27v6g01yh08611vn924sq","fieldName":"language"},{"_typeName":"Language","id":"cjm69cpp3001a0872u6zl6tx2"}],[{"_typeName":"PageTranslation","id":"cjn1o5cvt05or08615oxib6sd","fieldName":"language"},{"_typeName":"Language","id":"cjm69cpp3001a0872u6zl6tx2"}],[{"_typeName":"PageTranslation","id":"cjn07nafk04k70861eyzsvoff","fieldName":"language"},{"_typeName":"Language","id":"cjm69cpp3001a0872u6zl6tx2"}],[{"_typeName":"PageTranslation","id":"cjmj0va4d01qf086143h02ka1","fieldName":"language"},{"_typeName":"Language","id":"cjm69cpp3001a0872u6zl6tx2"}],[{"_typeName":"PageTranslation","id":"cjmrkwsew02tp086198trv7gu","fieldName":"language"},{"_typeName":"Language","id":"cjm69cpp3001a0872u6zl6tx2"}],[{"_typeName":"PageTranslation","id":"cjn1p3xz105tp08615hvwlque","fieldName":"language"},{"_typeName":"Language","id":"cjm69cpp3001a0872u6zl6tx2"}],[{"_typeName":"PageTranslation","id":"cjmrkw2o002qr0861b7lc4p43","fieldName":"language"},{"_typeName":"Language","id":"cjm69cpp3001a0872u6zl6tx2"}],[{"_typeName":"PageTranslation","id":"cjmj2w210021a0861ljsc6w4a","fieldName":"language"},{"_typeName":"Language","id":"cjm69cpp3001a0872u6zl6tx2"}],[{"_typeName":"PageTranslation","id":"cjn1p48ep05uh0861pt703izk","fieldName":"language"},{"_typeName":"Language","id":"cjm69cpp3001a0872u6zl6tx2"}],[{"_typeName":"PageTranslation","id":"cjn1s6mz4063z0861q2nzlv8f","fieldName":"language"},{"_typeName":"Language","id":"cjm69cpp3001a0872u6zl6tx2"}],[{"_typeName":"PageTranslation","id":"cjm988oz100ke08619ag5q6k0","fieldName":"language"},{"_typeName":"Language","id":"cjm69cpp3001a0872u6zl6tx2"}],[{"_typeName":"PageTranslation","id":"cjmj415cc02590861pty4tmyk","fieldName":"language"},{"_typeName":"Language","id":"cjm69cpp3001a0872u6zl6tx2"}],[{"_typeName":"Website","id":"cjm69kd1g00240872187gyn3k","fieldName":"languages"},{"_typeName":"Language","id":"cjm69cp76000j0872035kgkd8"}],[{"_typeName":"Website","id":"cjm69n4xx00400872fa5dhvnn","fieldName":"languages"},{"_typeName":"Language","id":"cjm69cp76000j0872035kgkd8"}],[{"_typeName":"Website","id":"cjm69n4xx00400872fa5dhvnn","fieldName":"languages"},{"_typeName":"Language","id":"cjm69cpmg000m08728qa5oy02"}],[{"_typeName":"Website","id":"cjm69kd1g00240872187gyn3k","fieldName":"languages"},{"_typeName":"Language","id":"cjm69cpmg000m08728qa5oy02"}],[{"_typeName":"Website","id":"cjm69n4xx00400872fa5dhvnn","fieldName":"languages"},{"_typeName":"Language","id":"cjm69cpn3000p08721ehslkyd"}],[{"_typeName":"Website","id":"cjm69n4xx00400872fa5dhvnn","fieldName":"languages"},{"_typeName":"Language","id":"cjm69cpne000s087276xq0yjq"}],[{"_typeName":"Website","id":"cjm69kd1g00240872187gyn3k","fieldName":"languages"},{"_typeName":"Language","id":"cjm69cpp3001a0872u6zl6tx2"}],[{"_typeName":"Website","id":"cjm69n4xx00400872fa5dhvnn","fieldName":"languages"},{"_typeName":"Language","id":"cjm69cpp3001a0872u6zl6tx2"}],[{"_typeName":"PageTranslation","id":"cjm988oyo00k80861bz1w1gsd","fieldName":"page"},{"_typeName":"Page","id":"cjm988oxn00jw0861rwa83541","fieldName":"translations"}],[{"_typeName":"PageTranslation","id":"cjm988oy500k20861yjau7cro","fieldName":"page"},{"_typeName":"Page","id":"cjm988oxn00jw0861rwa83541","fieldName":"translations"}],[{"_typeName":"PageTranslation","id":"cjm988oz100ke08619ag5q6k0","fieldName":"page"},{"_typeName":"Page","id":"cjm988oxn00jw0861rwa83541","fieldName":"translations"}],[{"_typeName":"PageTranslation","id":"cjmj08g0201of0861qv1632lk","fieldName":"page"},{"_typeName":"Page","id":"cjmj08fz301nw0861gpu0dszr","fieldName":"translations"}],[{"_typeName":"PageTranslation","id":"cjmj08fze01o308617azrcoht","fieldName":"page"},{"_typeName":"Page","id":"cjmj08fz301nw0861gpu0dszr","fieldName":"translations"}],[{"_typeName":"PageTranslation","id":"cjmj08fzs01o908611pwtyl6s","fieldName":"page"},{"_typeName":"Page","id":"cjmj08fz301nw0861gpu0dszr","fieldName":"translations"}],[{"_typeName":"PageTranslation","id":"cjmj0va4d01qf086143h02ka1","fieldName":"page"},{"_typeName":"Page","id":"cjmj0va3e01pw0861a1grimei","fieldName":"translations"}],[{"_typeName":"PageTranslation","id":"cjmj0va3p01q3086113ec96x3","fieldName":"page"},{"_typeName":"Page","id":"cjmj0va3e01pw0861a1grimei","fieldName":"translations"}],[{"_typeName":"PageTranslation","id":"cjmj0va3z01q90861i1pzviip","fieldName":"page"},{"_typeName":"Page","id":"cjmj0va3e01pw0861a1grimei","fieldName":"translations"}],[{"_typeName":"PageTranslation","id":"cjmj1id6101v70861m9xdo8nn","fieldName":"page"},{"_typeName":"Page","id":"cjmj1id5m01v00861eaaweqoo","fieldName":"translations"}],[{"_typeName":"PageTranslation","id":"cjmj1id6901vd0861z9ysh1xg","fieldName":"page"},{"_typeName":"Page","id":"cjmj1id5m01v00861eaaweqoo","fieldName":"translations"}],[{"_typeName":"PageTranslation","id":"cjmj1id6h01vj08618uk2lbp2","fieldName":"page"},{"_typeName":"Page","id":"cjmj1id5m01v00861eaaweqoo","fieldName":"translations"}],[{"_typeName":"PageTranslation","id":"cjmj27v6g01yh08611vn924sq","fieldName":"page"},{"_typeName":"Page","id":"cjmj27v5a01xy0861c6tux3lx","fieldName":"translations"}],[{"_typeName":"PageTranslation","id":"cjmj27v5q01y50861muej2yev","fieldName":"page"},{"_typeName":"Page","id":"cjmj27v5a01xy0861c6tux3lx","fieldName":"translations"}],[{"_typeName":"PageTranslation","id":"cjmj27v6801yb08617jopd9bg","fieldName":"page"},{"_typeName":"Page","id":"cjmj27v5a01xy0861c6tux3lx","fieldName":"translations"}],[{"_typeName":"PageTranslation","id":"cjmj2w20q02140861soom563v","fieldName":"page"},{"_typeName":"Page","id":"cjmj2w202020r0861bxj4ffe0","fieldName":"translations"}],[{"_typeName":"PageTranslation","id":"cjmj2w20d020y0861xhn0rmu4","fieldName":"page"},{"_typeName":"Page","id":"cjmj2w202020r0861bxj4ffe0","fieldName":"translations"}],[{"_typeName":"PageTranslation","id":"cjmj2w210021a0861ljsc6w4a","fieldName":"page"},{"_typeName":"Page","id":"cjmj2w202020r0861bxj4ffe0","fieldName":"translations"}],[{"_typeName":"PageTranslation","id":"cjmj3dwj1022d0861wqpeiqgg","fieldName":"page"},{"_typeName":"Page","id":"cjmj3dwi9021u08618wpvsapk","fieldName":"translations"}],[{"_typeName":"PageTranslation","id":"cjmj3dwij02210861cf5vsbn9","fieldName":"page"},{"_typeName":"Page","id":"cjmj3dwi9021u08618wpvsapk","fieldName":"translations"}],[{"_typeName":"PageTranslation","id":"cjmj3dwis02270861b0239f5t","fieldName":"page"},{"_typeName":"Page","id":"cjmj3dwi9021u08618wpvsapk","fieldName":"translations"}],[{"_typeName":"PageTranslation","id":"cjmj415c402530861zauitzuw","fieldName":"page"},{"_typeName":"Page","id":"cjmj415bl024q0861axjazr5p","fieldName":"translations"}],[{"_typeName":"PageTranslation","id":"cjmj415bv024x0861dnewys6e","fieldName":"page"},{"_typeName":"Page","id":"cjmj415bl024q0861axjazr5p","fieldName":"translations"}],[{"_typeName":"PageTranslation","id":"cjmj415cc02590861pty4tmyk","fieldName":"page"},{"_typeName":"Page","id":"cjmj415bl024q0861axjazr5p","fieldName":"translations"}],[{"_typeName":"PageTranslation","id":"cjmrkw2mt02q3086113e3czbb","fieldName":"page"},{"_typeName":"Page","id":"cjmrkw2mi02px08617deh3e3y","fieldName":"translations"}],[{"_typeName":"PageTranslation","id":"cjmrkw2n602q90861z9hqm589","fieldName":"page"},{"_typeName":"Page","id":"cjmrkw2mi02px08617deh3e3y","fieldName":"translations"}],[{"_typeName":"PageTranslation","id":"cjmrkw2ni02qf0861mvtqtcsr","fieldName":"page"},{"_typeName":"Page","id":"cjmrkw2mi02px08617deh3e3y","fieldName":"translations"}],[{"_typeName":"PageTranslation","id":"cjmrkw2ns02ql08618qm33cmu","fieldName":"page"},{"_typeName":"Page","id":"cjmrkw2mi02px08617deh3e3y","fieldName":"translations"}],[{"_typeName":"PageTranslation","id":"cjmrkw2o002qr0861b7lc4p43","fieldName":"page"},{"_typeName":"Page","id":"cjmrkw2mi02px08617deh3e3y","fieldName":"translations"}],[{"_typeName":"PageTranslation","id":"cjmrkwgsw02s3086198r9b0ta","fieldName":"page"},{"_typeName":"Page","id":"cjmrkwgs602rq0861f8fiixln","fieldName":"translations"}],[{"_typeName":"PageTranslation","id":"cjmrkwgt602s90861b5ejg1e4","fieldName":"page"},{"_typeName":"Page","id":"cjmrkwgs602rq0861f8fiixln","fieldName":"translations"}],[{"_typeName":"PageTranslation","id":"cjmrkwgtg02sf08613f90kef8","fieldName":"page"},{"_typeName":"Page","id":"cjmrkwgs602rq0861f8fiixln","fieldName":"translations"}],[{"_typeName":"PageTranslation","id":"cjmrkwgtq02sl0861du6pzx5v","fieldName":"page"},{"_typeName":"Page","id":"cjmrkwgs602rq0861f8fiixln","fieldName":"translations"}],[{"_typeName":"PageTranslation","id":"cjmrkwgsn02rx0861fc57uh6p","fieldName":"page"},{"_typeName":"Page","id":"cjmrkwgs602rq0861f8fiixln","fieldName":"translations"}],[{"_typeName":"PageTranslation","id":"cjmrkwsdt02t10861ltlbxd53","fieldName":"page"},{"_typeName":"Page","id":"cjmrkwsdj02su0861j9jgqdyg","fieldName":"translations"}],[{"_typeName":"PageTranslation","id":"cjmrkwsew02tp086198trv7gu","fieldName":"page"},{"_typeName":"Page","id":"cjmrkwsdj02su0861j9jgqdyg","fieldName":"translations"}],[{"_typeName":"PageTranslation","id":"cjmrkwsen02tj0861ashd6nr5","fieldName":"page"},{"_typeName":"Page","id":"cjmrkwsdj02su0861j9jgqdyg","fieldName":"translations"}],[{"_typeName":"PageTranslation","id":"cjmrkwse902td0861r8q185uo","fieldName":"page"},{"_typeName":"Page","id":"cjmrkwsdj02su0861j9jgqdyg","fieldName":"translations"}],[{"_typeName":"PageTranslation","id":"cjmrkwse102t70861v9drsvcl","fieldName":"page"},{"_typeName":"Page","id":"cjmrkwsdj02su0861j9jgqdyg","fieldName":"translations"}],[{"_typeName":"PageTranslation","id":"cjn07naf804k10861iz5lrutx","fieldName":"page"},{"_typeName":"Page","id":"cjn07naeh04jo0861jpa6mlfl","fieldName":"translations"}],[{"_typeName":"PageTranslation","id":"cjn07naf004jv08617seslhp0","fieldName":"page"},{"_typeName":"Page","id":"cjn07naeh04jo0861jpa6mlfl","fieldName":"translations"}],[{"_typeName":"PageTranslation","id":"cjn07nafk04k70861eyzsvoff","fieldName":"page"},{"_typeName":"Page","id":"cjn07naeh04jo0861jpa6mlfl","fieldName":"translations"}],[{"_typeName":"PageTranslation","id":"cjn1gnc9d04zs0861aw2728sv","fieldName":"page"},{"_typeName":"Page","id":"cjn1gnc7004zl0861myogmshn","fieldName":"translations"}],[{"_typeName":"PageTranslation","id":"cjn1gncd605040861l753yvpt","fieldName":"page"},{"_typeName":"Page","id":"cjn1gnc7004zl0861myogmshn","fieldName":"translations"}],[{"_typeName":"PageTranslation","id":"cjn1gncbd04zy0861wdxemd27","fieldName":"page"},{"_typeName":"Page","id":"cjn1gnc7004zl0861myogmshn","fieldName":"translations"}],[{"_typeName":"PageTranslation","id":"cjn1gnm6r050w0861lyk5dgfw","fieldName":"page"},{"_typeName":"Page","id":"cjn1gnm2v050d0861hwaag6gs","fieldName":"translations"}],[{"_typeName":"PageTranslation","id":"cjn1gnm5g050q0861u8g61v7h","fieldName":"page"},{"_typeName":"Page","id":"cjn1gnm2v050d0861hwaag6gs","fieldName":"translations"}],[{"_typeName":"PageTranslation","id":"cjn1gnm49050k0861qdanvtq2","fieldName":"page"},{"_typeName":"Page","id":"cjn1gnm2v050d0861hwaag6gs","fieldName":"translations"}],[{"_typeName":"PageTranslation","id":"cjn1o5csd05of0861mb5p8kdh","fieldName":"page"},{"_typeName":"Page","id":"cjn1o5cqo05o80861wudm4gfc","fieldName":"translations"}],[{"_typeName":"PageTranslation","id":"cjn1o5cu205ol08618fw1ugp1","fieldName":"page"},{"_typeName":"Page","id":"cjn1o5cqo05o80861wudm4gfc","fieldName":"translations"}],[{"_typeName":"PageTranslation","id":"cjn1o5cvt05or08615oxib6sd","fieldName":"page"},{"_typeName":"Page","id":"cjn1o5cqo05o80861wudm4gfc","fieldName":"translations"}],[{"_typeName":"PageTranslation","id":"cjn1p3xz105tp08615hvwlque","fieldName":"page"},{"_typeName":"Page","id":"cjn1p3xuj05t60861q0leky43","fieldName":"translations"}],[{"_typeName":"PageTranslation","id":"cjn1p3xw105td0861zqfpckq4","fieldName":"page"},{"_typeName":"Page","id":"cjn1p3xuj05t60861q0leky43","fieldName":"translations"}],[{"_typeName":"PageTranslation","id":"cjn1p3xxr05tj08619eom1eux","fieldName":"page"},{"_typeName":"Page","id":"cjn1p3xuj05t60861q0leky43","fieldName":"translations"}],[{"_typeName":"PageTranslation","id":"cjn1p48de05ub086193p0fsue","fieldName":"page"},{"_typeName":"Page","id":"cjn1p48af05ty0861yy7hg48w","fieldName":"translations"}],[{"_typeName":"PageTranslation","id":"cjn1p48ep05uh0861pt703izk","fieldName":"page"},{"_typeName":"Page","id":"cjn1p48af05ty0861yy7hg48w","fieldName":"translations"}],[{"_typeName":"PageTranslation","id":"cjn1p48bx05u50861wj0cdgke","fieldName":"page"},{"_typeName":"Page","id":"cjn1p48af05ty0861yy7hg48w","fieldName":"translations"}],[{"_typeName":"PageTranslation","id":"cjn1s6mw0063n08618y3h2sgx","fieldName":"page"},{"_typeName":"Page","id":"cjn1s6muo063g0861e5x75khv","fieldName":"translations"}],[{"_typeName":"PageTranslation","id":"cjn1s6mxm063t0861uqsqrc49","fieldName":"page"},{"_typeName":"Page","id":"cjn1s6muo063g0861e5x75khv","fieldName":"translations"}],[{"_typeName":"PageTranslation","id":"cjn1s6mz4063z0861q2nzlv8f","fieldName":"page"},{"_typeName":"Page","id":"cjn1s6muo063g0861e5x75khv","fieldName":"translations"}],[{"_typeName":"PageTranslation","id":"cjn1s7gs9064r08611nyxcv36","fieldName":"page"},{"_typeName":"Page","id":"cjn1s7go1064808610r01ubf2","fieldName":"translations"}],[{"_typeName":"PageTranslation","id":"cjn1s7gpl064f0861dfswey2y","fieldName":"page"},{"_typeName":"Page","id":"cjn1s7go1064808610r01ubf2","fieldName":"translations"}],[{"_typeName":"PageTranslation","id":"cjn1s7gqx064l0861pnmdqckv","fieldName":"page"},{"_typeName":"Page","id":"cjn1s7go1064808610r01ubf2","fieldName":"translations"}],[{"_typeName":"NavigationNode","id":"cjmrku7ij02om0861s9g1h175","fieldName":"navigation"},{"_typeName":"Navigation","id":"cjmrjo32n02fn086149hw4l8b","fieldName":"nodes"}],[{"_typeName":"NavigationNode","id":"cjmrku7ir02or0861omqxliub","fieldName":"navigation"},{"_typeName":"Navigation","id":"cjmrjo32n02fn086149hw4l8b","fieldName":"nodes"}],[{"_typeName":"NavigationNode","id":"cjmrku7iy02ow0861kekjiu1f","fieldName":"navigation"},{"_typeName":"Navigation","id":"cjmrjo32n02fn086149hw4l8b","fieldName":"nodes"}],[{"_typeName":"NavigationNode","id":"cjmrku7i802oh0861f6fzl92q","fieldName":"navigation"},{"_typeName":"Navigation","id":"cjmrjo32n02fn086149hw4l8b","fieldName":"nodes"}],[{"_typeName":"NavigationNode","id":"cjmrkp9pd02lk0861sqv1peh9","fieldName":"navigation"},{"_typeName":"Navigation","id":"cjmrkp1ob02lb0861qhh3xu7i","fieldName":"nodes"}],[{"_typeName":"NavigationNode","id":"cjmrkp9pr02lp0861em9ywp7m","fieldName":"navigation"},{"_typeName":"Navigation","id":"cjmrkp1ob02lb0861qhh3xu7i","fieldName":"nodes"}],[{"_typeName":"NavigationNode","id":"cjmrkp9q302lu08616fg4se7k","fieldName":"navigation"},{"_typeName":"Navigation","id":"cjmrkp1ob02lb0861qhh3xu7i","fieldName":"nodes"}],[{"_typeName":"NavigationNode","id":"cjmrle92o02z5086141bmhqqv","fieldName":"navigation"},{"_typeName":"Navigation","id":"cjmrkwzvs02tw0861kylds929","fieldName":"nodes"}],[{"_typeName":"NavigationNode","id":"cjmrle93302za0861zy56ub0x","fieldName":"navigation"},{"_typeName":"Navigation","id":"cjmrkwzvs02tw0861kylds929","fieldName":"nodes"}],[{"_typeName":"NavigationNode","id":"cjmrle93b02zf08610ky8kbzu","fieldName":"navigation"},{"_typeName":"Navigation","id":"cjmrkwzvs02tw0861kylds929","fieldName":"nodes"}],[{"_typeName":"PageType","id":"cjm94sr7v00en0861xg5lbyln"},{"_typeName":"Page","id":"cjm988oxn00jw0861rwa83541","fieldName":"type"}],[{"_typeName":"PageType","id":"cjm952e3t00f208616m5e3gkn"},{"_typeName":"Page","id":"cjmj08fz301nw0861gpu0dszr","fieldName":"type"}],[{"_typeName":"PageType","id":"cjm95cg5q00g90861ewh25mjw"},{"_typeName":"Page","id":"cjmj0va3e01pw0861a1grimei","fieldName":"type"}],[{"_typeName":"PageType","id":"cjm69l39m002g0872i6ekdc7o"},{"_typeName":"Page","id":"cjmj1id5m01v00861eaaweqoo","fieldName":"type"}],[{"_typeName":"PageType","id":"cjm95gycz00h10861gxtdz8ah"},{"_typeName":"Page","id":"cjmj27v5a01xy0861c6tux3lx","fieldName":"type"}],[{"_typeName":"PageType","id":"cjm95ev8i00gn086167i494cy"},{"_typeName":"Page","id":"cjmj2w202020r0861bxj4ffe0","fieldName":"type"}],[{"_typeName":"PageType","id":"cjm95ugov00hm0861o7hgwjp1"},{"_typeName":"Page","id":"cjmj3dwi9021u08618wpvsapk","fieldName":"type"}],[{"_typeName":"PageType","id":"cjm69l39m002g0872i6ekdc7o"},{"_typeName":"Page","id":"cjmj415bl024q0861axjazr5p","fieldName":"type"}],[{"_typeName":"PageType","id":"cjmrkvslw02pk08613lbncc7m"},{"_typeName":"Page","id":"cjmrkw2mi02px08617deh3e3y","fieldName":"type"}],[{"_typeName":"PageType","id":"cjmrkvslw02pk08613lbncc7m"},{"_typeName":"Page","id":"cjmrkwgs602rq0861f8fiixln","fieldName":"type"}],[{"_typeName":"PageType","id":"cjmrkvslw02pk08613lbncc7m"},{"_typeName":"Page","id":"cjmrkwsdj02su0861j9jgqdyg","fieldName":"type"}],[{"_typeName":"PageType","id":"cjm952e3t00f208616m5e3gkn"},{"_typeName":"Page","id":"cjn07naeh04jo0861jpa6mlfl","fieldName":"type"}],[{"_typeName":"PageType","id":"cjm95cg5q00g90861ewh25mjw"},{"_typeName":"Page","id":"cjn1gnc7004zl0861myogmshn","fieldName":"type"}],[{"_typeName":"PageType","id":"cjm95cg5q00g90861ewh25mjw"},{"_typeName":"Page","id":"cjn1gnm2v050d0861hwaag6gs","fieldName":"type"}],[{"_typeName":"PageType","id":"cjm95cg5q00g90861ewh25mjw"},{"_typeName":"Page","id":"cjn1o5cqo05o80861wudm4gfc","fieldName":"type"}],[{"_typeName":"PageType","id":"cjm95cg5q00g90861ewh25mjw"},{"_typeName":"Page","id":"cjn1p3xuj05t60861q0leky43","fieldName":"type"}],[{"_typeName":"PageType","id":"cjm95cg5q00g90861ewh25mjw"},{"_typeName":"Page","id":"cjn1p48af05ty0861yy7hg48w","fieldName":"type"}],[{"_typeName":"PageType","id":"cjm95cg5q00g90861ewh25mjw"},{"_typeName":"Page","id":"cjn1s6muo063g0861e5x75khv","fieldName":"type"}],[{"_typeName":"PageType","id":"cjm95cg5q00g90861ewh25mjw"},{"_typeName":"Page","id":"cjn1s7go1064808610r01ubf2","fieldName":"type"}],[{"_typeName":"Website","id":"cjm69kd1g00240872187gyn3k"},{"_typeName":"Navigation","id":"cjmrjo32n02fn086149hw4l8b","fieldName":"website"}],[{"_typeName":"Website","id":"cjm69kd1g00240872187gyn3k"},{"_typeName":"Navigation","id":"cjmrkp1ob02lb0861qhh3xu7i","fieldName":"website"}],[{"_typeName":"Website","id":"cjm69n4xx00400872fa5dhvnn"},{"_typeName":"Navigation","id":"cjmrkwzvs02tw0861kylds929","fieldName":"website"}],[{"_typeName":"Website","id":"cjm69kd1g00240872187gyn3k","fieldName":"project"},{"_typeName":"Project","id":"cjm69k17m001v0872m0nd1mwo","fieldName":"websites"}],[{"_typeName":"Website","id":"cjm69n4xx00400872fa5dhvnn","fieldName":"project"},{"_typeName":"Project","id":"cjm69mmbx003p0872wdl515mc","fieldName":"websites"}],[{"_typeName":"Website","id":"cjm69n4xx00400872fa5dhvnn","fieldName":"defaultLanguage"},{"_typeName":"Language","id":"cjm69cp76000j0872035kgkd8"}],[{"_typeName":"Website","id":"cjm69kd1g00240872187gyn3k","fieldName":"defaultLanguage"},{"_typeName":"Language","id":"cjm69cpmg000m08728qa5oy02"}],[{"_typeName":"Website","id":"cjm69kd1g00240872187gyn3k","fieldName":"pages"},{"_typeName":"Page","id":"cjm988oxn00jw0861rwa83541","fieldName":"website"}],[{"_typeName":"Website","id":"cjm69kd1g00240872187gyn3k","fieldName":"pages"},{"_typeName":"Page","id":"cjmj08fz301nw0861gpu0dszr","fieldName":"website"}],[{"_typeName":"Website","id":"cjm69kd1g00240872187gyn3k","fieldName":"pages"},{"_typeName":"Page","id":"cjmj0va3e01pw0861a1grimei","fieldName":"website"}],[{"_typeName":"Website","id":"cjm69kd1g00240872187gyn3k","fieldName":"pages"},{"_typeName":"Page","id":"cjmj1id5m01v00861eaaweqoo","fieldName":"website"}],[{"_typeName":"Website","id":"cjm69kd1g00240872187gyn3k","fieldName":"pages"},{"_typeName":"Page","id":"cjmj27v5a01xy0861c6tux3lx","fieldName":"website"}],[{"_typeName":"Website","id":"cjm69kd1g00240872187gyn3k","fieldName":"pages"},{"_typeName":"Page","id":"cjmj2w202020r0861bxj4ffe0","fieldName":"website"}],[{"_typeName":"Website","id":"cjm69kd1g00240872187gyn3k","fieldName":"pages"},{"_typeName":"Page","id":"cjmj3dwi9021u08618wpvsapk","fieldName":"website"}],[{"_typeName":"Website","id":"cjm69kd1g00240872187gyn3k","fieldName":"pages"},{"_typeName":"Page","id":"cjmj415bl024q0861axjazr5p","fieldName":"website"}],[{"_typeName":"Website","id":"cjm69n4xx00400872fa5dhvnn","fieldName":"pages"},{"_typeName":"Page","id":"cjmrkw2mi02px08617deh3e3y","fieldName":"website"}],[{"_typeName":"Website","id":"cjm69n4xx00400872fa5dhvnn","fieldName":"pages"},{"_typeName":"Page","id":"cjmrkwgs602rq0861f8fiixln","fieldName":"website"}],[{"_typeName":"Website","id":"cjm69n4xx00400872fa5dhvnn","fieldName":"pages"},{"_typeName":"Page","id":"cjmrkwsdj02su0861j9jgqdyg","fieldName":"website"}],[{"_typeName":"Website","id":"cjm69kd1g00240872187gyn3k","fieldName":"pages"},{"_typeName":"Page","id":"cjn07naeh04jo0861jpa6mlfl","fieldName":"website"}],[{"_typeName":"Website","id":"cjm69kd1g00240872187gyn3k","fieldName":"pages"},{"_typeName":"Page","id":"cjn1gnc7004zl0861myogmshn","fieldName":"website"}],[{"_typeName":"Website","id":"cjm69kd1g00240872187gyn3k","fieldName":"pages"},{"_typeName":"Page","id":"cjn1gnm2v050d0861hwaag6gs","fieldName":"website"}],[{"_typeName":"Website","id":"cjm69kd1g00240872187gyn3k","fieldName":"pages"},{"_typeName":"Page","id":"cjn1o5cqo05o80861wudm4gfc","fieldName":"website"}],[{"_typeName":"Website","id":"cjm69kd1g00240872187gyn3k","fieldName":"pages"},{"_typeName":"Page","id":"cjn1p3xuj05t60861q0leky43","fieldName":"website"}],[{"_typeName":"Website","id":"cjm69kd1g00240872187gyn3k","fieldName":"pages"},{"_typeName":"Page","id":"cjn1p48af05ty0861yy7hg48w","fieldName":"website"}],[{"_typeName":"Website","id":"cjm69kd1g00240872187gyn3k","fieldName":"pages"},{"_typeName":"Page","id":"cjn1s6muo063g0861e5x75khv","fieldName":"website"}],[{"_typeName":"Website","id":"cjm69kd1g00240872187gyn3k","fieldName":"pages"},{"_typeName":"Page","id":"cjn1s7go1064808610r01ubf2","fieldName":"website"}]]}