{"valueType":"lists","values":[{"_typeName":"PageType","id":"cjmrkvslw02pk08613lbncc7m","plugins":["navigations"]},{"_typeName":"PageType","id":"cjm95ev8i00gn086167i494cy","plugins":["navigations"]},{"_typeName":"PageType","id":"cjm95ugov00hm0861o7hgwjp1","plugins":["navigations"]},{"_typeName":"PageType","id":"cjm95wk5s00hx0861dzkvprd4","plugins":["navigations"]},{"_typeName":"PageType","id":"cjm94sr7v00en0861xg5lbyln","plugins":["navigations"]},{"_typeName":"PageType","id":"cjm95fuk700gu08610leii6an","plugins":["navigations"]},{"_typeName":"PageType","id":"cjm95cg5q00g90861ewh25mjw","plugins":["navigations"]},{"_typeName":"PageType","id":"cjm952e3t00f208616m5e3gkn","plugins":["navigations"]},{"_typeName":"PageType","id":"cjmrkv5t802pf0861h605yt9o","plugins":["navigations"]},{"_typeName":"PageType","id":"cjm95mrk400hf0861l0uchfc9","plugins":["navigations"]},{"_typeName":"PageType","id":"cjm955rhy00fm0861mmfy6e56","plugins":["navigations"]},{"_typeName":"PageType","id":"cjm69l39m002g0872i6ekdc7o","plugins":["navigations"]},{"_typeName":"PageType","id":"cjm95iw8o00h808614322ybcq","plugins":["navigations"]},{"_typeName":"PageType","id":"cjm95gycz00h10861gxtdz8ah","plugins":["navigations"]}]}